<?xml version="1.0" encoding="UTF-8" standalone="yes"?>
<addon id="plugin.video.alval.tv"
       name="ALVAL IPTV Player"
       version="1.1.1"
       provider-name="ALVAL &amp; Co Entertaiment">
  <requires>
	<import addon="xbmc.python" version="2.14.0"/>
	<import addon="plugin.video.pulsar" version="0.6.1"/>
	<import addon="script.extendedinfo" version="3.0.0"/>
  </requires>
  <extension point="xbmc.python.pluginsource" library="alval.py">
        <provides>video</provides>
  </extension>
  <extension point="xbmc.addon.metadata">
    <summary>ALVAL IPTV Player</summary>
    <description>Online library of IPTV and Video resources.</description>
    <platform>all</platform>
  </extension>
</addon>
